1Y7N,1U39,
1CM2,1CM3,
1HDN,1OPD,
2HPR,1JEM,2HID,
4HE6,4HE5,
2MX6,1MC7,2KAW,6LCB,
1X45,1U37,1U38,
6X20,6X22,6X1X,
1WF8,4XHV,2FN5,2G5M,
6EZI,2EEJ,
6XNJ,4Q6H,
3LNY,1D5G,1OZI,3PDZ,1GM1,2M10,1Q7X,2M0Z,1VJ6,
2KJK,3I18,
5ZYS,2Q9V,
2K20,1WG6,2KOH,2K1Z,6JUE,
5OVC,5OVV,5OVP,
2X7Z,4OAJ,2M3M,4G69,2OQS,
3QE1,5EMB,5EMA,4Z8J,5EM9,3QDO,
2LC7,1RZX,5I7Z,1X8S,2LC6,1RY4,
6K9I,1HRC,1M60,2AIU,1FI9,1I5T,6FF5,1FI7,2B4Z,
2N9J,1J3S,2N9I,
6Y9N,1UFX,6KZ1,6Y9Q,6Y9O,
5ITJ,2L66,
1CO6,1CRY,1IO3,
1OMD,1TTX,2NLN,1RRO,
6GDA,1LMS,5KKE,6GD7,6RSJ,2ORL,2MHM,7PR4,6RSI,2YCC,1NMI,1CSW,2HV4,6GD6,1CSV,
4CPV,1B9A,1CDP,1BU3,5CPV,1B8R,1B8L,
2KYC,2KYF,
1RK9,2JWW,1S3P,1RJV,3F45,
1MFL,1N7T,7LUL,1MFG,
3C2C,2C2C,
2JOA,2YTW,
5HEY,6QJJ,1BE9,5HDY,5HFC,1TQ3,5HED,5HF4,5HEB,5HFE,1BFE,1TP5,5HFF,1TP3,5HF1,5HET,5HFB,7CQF,5HFD,
1GSW,4I39,6UN2,4I3A,2D01,6UMZ,1UWN,4HY8,6UN0,3VE4,2KX6,1UWP,6UMY,4BBT,1F9I,4BBV,1GSV,1GSX,2I9V,
1S1Y,1OT6,1OTE,1T19,1OTI,4I3I,1T1B,1S1Z,1T1C,1T1A,
2M0T,2M0U,
1WJX,3IZ4,3IYQ,3IYR,1J1H,
1CXC,1CXA,
6DRG,3STN,3VG5,3STK,3VG4,6DO6,3VG2,3B2I,3B2L,6DO7,3VG3,3STM,2LKK,3B2H,2PY1,
1LID,1LIE,3JSQ,1LIF,1AB0,1G74,1A18,1G7N,1ALB,2Q9S,1ACD,1LIC,1ADL,
1JJX,7E25,1FE3,6L9O,
1AEL,3IFB,2MJI,1KZX,1KZW,2MO5,2IFB,6L7K,3AKN,
3P6F,2HNX,5Y0G,6LJV,5HZ6,5Y13,5D45,3FR2,3P6H,5Y0X,3P6G,5EDB,5Y12,6LJW,3RZY,3Q6L,6LJX,5EDC,
6EW4,4A8Z,7NSR,2WUT,6EW2,6S2M,5N4Q,6XVQ,7O60,5N4M,1YIV,6XU5,4D6A,4D6B,3NR3,6XW9,7NRW,5N4P,6XVR,6S2S,4BVM,6XUA,6XUW,6XU9,
6GBE,6GBD,
1HMR,7EGO,5B27,1BWY,5B28,1HMS,4TKH,1HMT,4WBK,5B29,3WVM,4TJZ,3WXQ,
1LS8,2P71,2P70,1XFR,1GM0,
4HIW,4HIY,4HI5,4HIU,3F1J,
4LKP,1B56,4AZP,1JJJ,5HZ5,4AZO,4AZQ,
6E6K,1LPJ,6AT8,
1VYF,2POA,1VYG,
1MX8,1CRB,6E5T,5LJE,5LJH,1KGL,1JBH,6E5L,5LJD,5HBS,1MX7,5LJK,5LJB,5H8T,5LJC,5H9A,5HA1,5LJG,
7JX2,2RCQ,2RCT,7K3I,1KQX,1KQW,
2LPJ,4FBS,2LPI,6QJY,
2WC5,2WCK,2WCM,2WC6,2WCJ,2WCH,2WCL,
2LXB,4ASV,
5X72,4JV6,5X73,
4IA8,4I6T,3FYA,4I8T,3S8Q,4I6R,
1OCA,4YUN,2CYH,4DGB,6FK1,3K0O,6X4M,6X4O,2WLW,4N1M,6X4N,4DGD,3K0N,1CWK,6X3Y,5WC7,6GS6,2X25,1VBS,5KV1,3K0Q,5NOZ,3K0P,6X4P,6X4Q,5NOR,2ALF,6GJP,6X3R,
1MUP,3KFI,1I05,2L9C,3KFG,1I06,3KFF,2LB6,1I04,3KFH,
1KMG,1DSW,2XJK,4BCY,1RK7,1BA9,1MFM,
2LIQ,2LIE,
4NXA,1UFP,4PNJ,4NXC,6MV0,5YCE,6N02,2EB8,2EB9,6N03,
2D3J,2YGP,2YGO,2YGN,
1CYX,1CYW,
4X5P,5MCA,4CST,
6Y3H,6Y3K,6Y3L,6GQ9,6Y3I,
3N1H,3N1I,3R9Z,3N1L,3N1K,3R9Y,3RA0,3N1J,
5IO6,1CJ5,4IB8,2BLG,1BSO,1DV9,2Q2P,2Q2M,
2R99,3UCH,
3RCL,3RCF,4J58,3R59,5CCS,6R9S,2BIT,3RCG,4XNC,5CBT,
2CMT,2CK1,
2RS4,2NUL,7RFD,1LOP,
1J2A,1CLH,
2K7N,2X7K,1XWN,
2HAQ,6L2B,3BT8,
2OSG,3E17,
1RCF,1OBV,1FTG,2KQU,1FLV,1QHE,
2HQ6,4R3E,
2MC9,1DYW,2IGW,1E8K,4JCP,4E1Q,6HMZ,1E3B,2IGV,4HY7,
6OHK,6OHL,
3LRP,1RRF,2B6H,
1DY1,1DY0,1KOE,
1V0A,6R3M,2LRO,2LRP,6R31,
1MZW,1QOI,
2WFJ,2WFI,2GW2,
1A33,1A58,
1FN0,1XG6,1WBC,2ESU,1EYL,4H9W,1FMZ,4WBC,4TLP,2WBC,
1IV5,3X0E,1G8Q,5M2C,
2BSF,2BT7,2BT8,2JJL,
2LP7,2M7W,
6GN5,7AZN,
6JBP,5DSS,
1CYN,4FRU,4FRV,3ICH,
1HUU,1HUE,4QJU,
2J8J,2J8L,
4JOE,4E34,4NMO,4JOF,4NMV,7JZO,4JOG,
6FJN,6QU8,6QU6,6FJP,6FJO,
2AWX,2AWU,2G2L,
1SL7,3KPX,1QV1,1JF2,4MRY,4MRX,1S36,1JF0,7O3U,1EL4,2F8P,1SL9,1QV0,4N1F,
4MVI,5MHH,4MVK,
5U2K,3FTT,4DCL,
2VPH,3NFK,
6YX2,5IZU,6EXJ,5OVA,6YWZ,7A00,6YX1,1Q3O,3QJM,6YX0,
3KHF,2W7R,
6WM1,1JYQ,
1DS9,5YXM,1M9L,
1WTU,1EXE,
2IWO,2IWP,
3SSX,1WRS,1WRT,2XDI,
1DBD,1JJH,
6SPZ,6SPV,2KA9,
5JXB,6QJN,2HE2,
2ERF,1ZA4,1Z78,2OUJ,
3CBY,6ZBQ,6ZC7,6ZC3,3CBX,6ZC4,
2XAT,1XAT,
2KMT,3TCJ,
5R5U,5R5T,6QNV,5R5X,5R61,5R5Y,5R62,5R5Z,5R5V,5R63,
3NGH,4F8K,
4BCZ,5J07,4XCR,5J0G,
3OUM,3OUL,3PKV,3PKX,3PKW,
1EMH,3FCF,1EMJ,1SSP,2OYT,2HXM,1AKZ,
4WS8,4WRW,4WRY,4WS0,4WPL,4WS6,4WS2,4WRU,4WS4,3A7N,
2E3S,2E3O,2Z9Z,2Z9Y,2E3N,2E3Q,
1RHK,2H5I,
1EUG,1FLZ,3UF7,2EUG,
5Q17,5Q0T,5Q0I,3FXV,
1OSH,3FLI,3DCU,5YXB,6HL1,3DCT,5YXD,3RUU,
5MMV,6F6R,2H4W,2HBQ,1RWV,2HBY,1RWN,2FQQ,2HBZ,6PZP,1SC4,2H51,1RWK,2H48,5MTK,1BMQ,
4RUO,4RUJ,5OW7,4RUP,4IA3,4IA1,2HC4,5LGA,4FHH,6T2M,4G21,4IA7,6FO8,
4QUA,4PRY,4EHH,2J31,5IAN,4EHD,4QUB,5IAG,4QUJ,5I9B,5IBP,5IBC,2J33,4QU0,3ITN,5IAR,4JJE,3PD0,5IAS,5IAK,4EHF,4QTY,1QX3,5IAJ,4QU5,4QTX,4QU9,2J32,4EHN,2J30,3PD1,3PCX,4QU8,
1GE8,5AUJ,6T7X,6T7Y,1IZ4,1ISQ,
3L0E,1UPW,6S5K,
3IPQ,5AVL,
4E1S,5G26,
3KJN,1QTN,6X8H,2C2Z,3KJQ,
4JJ7,2K7Z,4PRZ,
3QJP,3UFC,
5DAI,3LX1,
3NI6,3PA7,4ITZ,3IHZ,
1LBL,4A2S,4LNY,6NW4,3NXF,3TC7,1IGS,3NZ1,1A53,4A29,4IX0,4PEK,1JUK,1LBF,3TC6,4OU1,1JUL,
2AMB,3G0W,3B67,2PIQ,3V4A,1T7F,1T76,2QPY,5CJ6,4HLW,2PIP,1T63,
2VCS,2GHC,1V0H,2GHH,7BI1,5JPR,6XV4,2XIF,2VO2,2VNX,3ZCY,2GGN,2CL4,1OAF,2WD4,2GHK,2XI6,1OAG,2VCF,2XJ6,2GHD,3ZCH,6TAE,5JQR,3ZCG,2XIH,2VCN,2GHE,2VNZ,
2ZMH,2ZLC,5XZH,3W5P,3W0I,3VRW,3W0G,7C7V,1RKH,6JEZ,
1F9S,1PFM,1F9R,1F9Q,1PLF,1PFN,1RHP,4HSV,
7WLX,1Y0X,3IMY,3GWS,7WMG,1NQ0,3JZC,7WMJ,1XZX,1NQ1,
6SFG,6H5J,4UIO,
4BQY,3HQU,5OX5,2Y34,2G19,6YVZ,6YW1,
1IE9,3OGT,3TKC,3X31,2HAR,3A78,5YSY,1DB1,3CS6,3KPZ,
1FA8,1FA5,1F9Z,1FA6,1FA7,
2OD8,1PLR,5ZUT,1PLQ,4YHR,
1ILD,1IM0,1ILZ,1QD5,1FW2,
1XWV,1KTJ,
7NC4,7P1A,3ML5,6ZR9,6G4T,6H36,3MDZ,6H37,6H38,6SDT,
1TVX,1NAP,
4HV5,4HX4,2F5D,2F5E,4HX8,4HX7,2F5F,
6ESK,6ESV,
4ZCB,7JWD,7JWR,7JZ5,1OPA,6BTI,
4PDG,1TDZ,6RO2,3C58,2XZU,4PDI,1PM5,6RNO,6RP7,1PJI,
6E5R,6ON7,6VIT,6ON5,
3JA4,3JA5,
4BOD,4J38,4BXM,4BF3,
1DRJ,1DBP,2GX6,2DRI,1DRK,4ZJP,
1B3T,5T7X,6NPI,6NPP,1VHI,6NPM,6VH6,
5OJN,5OJ7,
4UI0,7AG0,
6JUZ,6JV1,6JV0,
1VFJ,1UFL,1V3S,1V3R,1V9O,
6NH9,6NID,
6BNX,6BNZ,5D7Z,6BNN,
5EJX,3R99,1MKQ,2X07,1ZBY,3E2N,1KRJ,7BIU,3E2O,1SBM,3M2E,3M25,2V23,1SOG,3M28,1MKR,1ML2,4A6Z,3M2I,5EJT,1JCI,4CVJ,3M29,4A71,4A7M,2X08,2XJ5,1EBE,2XJ8,1SDQ,1ZBZ,2XIL,1JDR,6Y1T,4CVI,2CYP,2YCG,2V2E,3R98,3M2F,1STQ,1MK8,3M2D,4A78,
5DRK,5DS7,5D4O,5D4P,5D4N,
5TO0,5M3N,5WYN,5FHT,5TO1,5TNY,1LCY,5M3O,5TNZ,
5XWS,5XNQ,
3CG6,2WAL,
6NOK,6DKE,
4J0L,2BAA,2DKV,
2EI2,2EI3,2EI0,2EI1,2EHZ,
3I2M,3HSL,
1RPJ,1GUB,
2ZVP,2ZYV,2ZYT,2ZVQ,2ZYW,2ZYU,2ZPT,
4NVC,4JMT,4XV5,4XV7,4JMS,4NVB,4NVL,5U5V,5U60,1KXM,4JQJ,4NVK,4XV8,
1BES,1CCP,1AED,2EUN,1CCK,1DS4,1CYF,1CMT,7CCP,2RBY,2AS6,1CCG,2CEP,1BEK,1DSP,1CCJ,1CMQ,3CCX,2EUO,5CCP,1AEE,5D6M,1BEP,1CPG,2IA8,1AC8,1BEQ,2EUQ,1DSG,1A2G,1DSO,1DJ5,1A2F,1RYC,2ICV,3CCP,6CCP,1AEU,1AEG,1CMU,1CCA,4CCX,1BVA,2CCP,1CCI,4CCP,1AEO,1BEJ,2RBZ,1DSE,1AET,1AEM,2AS4,1BJ9,1CCL,1CCE,1DJ1,1DCC,2AS3,1CCC,1CCB,1BEM,2EUP,
6GU0,5MTS,4XO9,4XOD,5JR4,4XOE,6YHW,
5VIK,5VIQ,4XTQ,5VIV,
1IIP,1IHG,
6NSU,6NSO,1WZU,5KTN,5KTP,5KTM,5KTT,5KTO,5KTS,5KTR,
5LQM,5F3D,7P4M,4P3X,6F48,6I0R,7P4P,6I0K,7P4Q,6I0P,6F4D,5F35,5F33,6F4L,5LQS,
2XXK,2XWK,6H75,2XWI,2XWV,2WX9,2XA5,2XWO,2CEY,2WYK,6H76,2WYP,2V4C,3B50,
6UV7,6UVI,
1EPA,1EPB,
3FM4,4BLN,4BLX,3FM6,4BLL,5ABO,4BLY,2VKA,2W23,5ABN,4BLK,2BOQ,5ABQ,3FM1,4BM0,
3LY8,3LYA,3LY9,3LY7,
5Y5D,7CG6,5YB5,7CG2,5Y6Y,
1JKG,1JN5,
4N4B,4N2Z,
1CMS,4AA9,4AUC,4AA8,4CMS,1CZI,3CMS,
3AGY,3AGX,3AGZ,
2VBB,1HB3,1ODN,1HB1,6ZAM,2VBD,6ZAK,6ZAQ,2VAU,6ZAO,
1JTN,2HUM,
3EOV,4S1J,4S1E,
1K5C,1KCD,1KCC,
5LTE,5LTI,5LTH,
3EZA,3EZE,
1VAI,1V9T,
5FJK,4LXL,
6KVE,7E56,6KVH,
4U6S,6CDF,3GA0,6CDR,6V8A,6V89,1HL3,1HKU,7KWM,2HU2,
2F9K,3N46,4KPD,4KQU,4H5D,4PVX,4KPJ,4NG6,4NFK,5JUZ,2F8Z,4KQ5,3N5H,4P0V,2OPN,4KQS,
7KJF,6AXO,3KBK,6AX9,7KJ9,4LZ3,4LTV,7KJD,4LXW,6AXU,4LZC,4LUU,3KB9,4LZ0,6OFV,7KJG,7KJE,3LG5,6AXN,7KJ8,6AXM,4LTZ,
6ZAU,6THF,6ZAV,6ZAW,6ZAT,6ZAX,6ZAS,6ZAR,
1ZAP,3PVK,1EAG,3Q70,
5V2U,5V2Z,5V2Y,5V2T,5V31,5V2V,6CBA,5V32,5V34,5MOF,
1XFI,2Q40,
2H6S,2H6T,
1QFV,3G7X,1QFT,3GAQ,
4MYQ,1XOS,
3NEF,3NEG,3K3K,3KAY,5YGV,
1ODE,4NWO,
5FF3,3CIX,3IIX,4JXC,4JY8,7O26,5FF2,7O1P,7O1S,4JY9,
5FEX,5FEW,5FF4,5FES,5FEZ,7O1O,7O25,7O1T,5FEP,5FF0,
2F12,1SO7,2F10,2F13,2F11,1SNT,4NCS,2F0Z,4NC5,
4LOJ,4YP1,4KBY,4LOL,4JC5,4LOK,6XNN,5GRM,4KC0,
1W9Q,1W9E,1YBO,5G1E,1OBZ,1W9O,4Z33,5G1D,
4I1R,6YN8,6YN9,6H4A,7AK1,3V55,3V4L,
1IJI,1GEY,1GEW,1FG3,1GEX,1FG7,
5O33,5QQE,5QQL,
2PGF,3EWD,3EWC,2PGR,2QVN,
4H1V,4H1U,
1JDW,2JDX,5JDW,2JDW,6JDW,1JDX,4JDW,9JDW,7JDW,8JDW,3JDW,
6W44,7M2O,2RDU,6GMB,5QID,7R4P,5QIH,5QIE,7R4O,6W4C,
1YHL,3ICK,3ID0,4DWB,4DZW,4DWG,1YHK,3ICN,3ICZ,
2NZU,2NZV,2OEN,2JCG,2HSG,
3B9Z,3BHS,3B9W,3B9Y,
6M6D,7CQS,5YWI,5YY6,7CJK,
5ZR4,5ZR6,
3A04,3A05,
6HHF,6S9X,6HHJ,6S9W,3O96,4EJN,6HHG,6HHI,7NH4,
1GC6,1GC7,2ZPY,2EMS,
7MCU,7MCT,7MCN,7MCL,7MCB,6KGZ,7MCY,
4QDC,4QDD,
6BLM,6VVN,6VVM,
1DMB,7MQ6,1OMP,1LLS,2N44,4GLI,1JW5,2N45,1JW4,7MQ7,4MBP,
4X2H,4WP5,4X2O,
2IP1,3KT0,
4F19,4M1V,2V3Q,4F1U,4F18,2Q9T,4F1V,
5EC3,3ISQ,
2UY8,2UY9,6TZP,3S0M,2V09,2UYB,1L3J,1J58,1UW8,6UFI,
5EYZ,5EZ0,7VZE,3NFL,
5IAE,1CP3,4EHK,1NMS,4QUD,4JQZ,5IAB,4QUL,4JR0,1NMQ,5IBR,5I9T,4PS0,4JQY,3H0E,
5CAD,5VF5,
4OOP,4OOQ,
2QXV,5H19,5H17,
2E9Q,2EVX,
4QSC,4QSD,4RJZ,4QRZ,
6F0B,6F0C,
6J2L,6J22,
2AQ5,2B4E,
1WW9,6LLK,6LLM,
1BL8,1JVM,
3RP1,7JZI,7JZK,3KGR,
4PXZ,4NTJ,4PY0,
1Q5H,1Q5U,3ARN,2HQU,3ARA,
1I2C,1I2B,1QRR,1I24,
4G44,6TE7,4G45,4ICT,3CY1,5OP9,3CY0,6GEQ,4G48,3CXX,3CXZ,6UPG,7NQO,4IQ9,1N40,3CXY,3CXV,
1Z7H,4J1L,1YVG,
4JYK,4X1E,
2ORM,3M21,
3QVW,3QVX,3QVS,3QVT,
6J82,6J84,6J83,
5MBL,4JB8,5MA6,
7REH,6OOW,6WZP,6C3J,7JXB,5KDY,5U6T,6U3K,6OOX,6PRS,6PQS,5KDZ,6PRR,7KCS,
6XAJ,6XAM,6VZA,6VXV,6XAL,6VZB,
6VUU,3UY5,6VUT,6VUY,6VUX,5EC4,6VUW,6VUZ,6VUS,3R1K,
1AMQ,1CZC,2D66,2D64,1ASA,1AAW,2D7Y,1CQ6,1ART,1CZE,1YOO,1ASE,2D65,2D61,2D5Y,2D7Z,3AAT,1C9C,2D63,2QA3,
3E5J,3ABA,3E5L,3E5K,
5MK6,5MK7,4IQP,5TPC,2VU9,2VUA,3FUO,6F0O,6F0P,
1JSS,6L1D,5BRL,
3VCA,4QUQ,4QUR,4QUP,3VCP,5HL4,
3CV8,5X7E,3CV9,2ZBY,2ZBX,2ZBZ,
2VXR,3MPP,
1S1F,1T93,2D09,2D0E,
4F83,3OBR,3PME,3OBT,3OGG,3N7J,
4C0J,4C0L,4C0K,
6J9Y,6JAQ,6JAO,6JAM,6JAD,6J9W,6JAI,6JAG,6JAL,6JAH,
1PHG,1AKD,1IWJ,1IWK,1PHF,2Z97,1IWI,2CP4,6WFL,2L8M,2LQD,2ZWT,
3P6P,5IK1,5WK9,3L61,3P6N,1T85,3P6O,4L4E,4L4F,4L4D,4L4G,4L49,5WK7,4L4A,3P6M,4L4B,
1P7R,1P2Y,2FER,2FE6,
5SZ8,5KKD,
2UXP,7K1C,2UXU,7K1A,2UXH,2UXI,2UXO,
6QDE,6QD9,4CGL,4UCN,5AG4,4C7H,4CGP,4A31,6QDA,
2K1E,2KB1,
4CI9,6WIA,4CIA,4CIB,
2YS6,2YRX,2YS7,2YRW,
2ZD7,3C9B,3DM7,3C9D,
1ERN,6MOF,6MOI,1EBA,
2CSG,2DBI,2DBN,
2OUH,2ES3,
3Q5D,3QNU,6XJN,
7C6Y,7C63,
1SHL,4JR1,3H1P,4FDL,1F1J,4HQR,1I4O,1K86,1GQF,4JR2,5V6U,1K88,5V6Z,1SHJ,4FEA,4JJ8,
1EYQ,1EYP,1FM7,6CJN,1FM8,1JEP,6CJO,1JX0,
1GSO,3MJF,
4L54,5M0N,4L40,
5K9N,7CIU,
3A0I,4MLH,5V4W,3S41,3FR0,4ISE,3IMX,4IXC,4IWV,5V4X,6E0E,4DCH,4ISF,4ISG,4L3Q,3H1V,1V4T,
2RL2,3SWE,2RL1,
1YSC,1CPY,
6T0L,2WM5,2WM4,6CVC,6T0G,6T0H,6T0J,6T0K,
1R9Z,1RAK,1K6W,3RN6,1R9Y,1RA0,1RA5,3R0D,1R9X,1K70,3O7U,
2O0X,2O0D,2O0Z,2BJB,2O0E,2O0B,2O15,
1UZL,2NTN,1UZN,1UZM,
1TNF,2ZPX,2E7A,2ZJC,7KPA,7KP9,
2QFU,2QFS,2QFT,3NVS,3FK0,2PQ9,3FJX,1G6S,2AAY,3FJZ,3FK1,1G6T,1Q36,1X8R,1X8T,2QFQ,1MI4,2AA9,
3MXI,3MXJ,5YWT,2OA8,5YWV,5YWU,5YWS,2IOC,6W10,
1BIF,3BIF,
2DPP,1V29,3HHT,
1XXA,1XXC,1XXB,
1TRO,1ZT9,5TM0,6EJW,
1MCR,1MCB,1MCE,1MCD,1MCF,1MCS,1MCQ,1MCJ,1MCN,1MCI,
3MM1,3VXI,3VXJ,3MM2,3AFV,3MM3,
6PVJ,6PVF,6PVG,6PVH,6PVI,
4HVA,4NBN,4N5D,4NBK,4N7J,4N7M,4IYR,3NR2,4N6G,3S70,3OD5,3V6L,4NBL,
4UQH,4C0C,4CKA,3KHM,4UVR,3K1O,5AJR,
6A17,6A18,6A16,6A15,
1OTP,4EAD,4LHM,4EAF,2TPT,
7CP2,6LNL,
3STD,1IDP,6STD,7STD,5STD,4STD,
1A8D,1DLL,7BY4,1FV2,3HN1,1YXW,
2CI0,1EA1,2W0B,2CIB,2W0A,2VKU,1X8V,1E9X,2W09,
3JRQ,3KDJ,
5IKD,4W7O,5IKG,
1UYQ,1E4I,
3B2S,2RKT,3B30,2RKV,
5OXM,4D2C,5MMT,5OXQ,4XNI,6FMR,6EIA,5OXO,5OXP,5OXL,5OXN,5OXK,6YOG,5D59,
4K9U,5VCD,5VCG,6UNE,1W0F,6BD7,5VCE,1W0E,6OOA,6BDH,6OOB,7KVM,4K9T,
3VVN,3W4T,3VVS,6GWH,3WBN,3VVO,3VVR,
1WDZ,1Y2O,
2YQB,5OCB,6FJA,6QQ1,3ZBM,6QQ0,5OBO,5OCF,6QQ2,6F1Q,3ZIY,
4U5P,4U5R,
5GXV,4MY2,2VGQ,5WVM,5WVN,4PE2,5GXT,
4QS8,4QS9,4QS7,
5A5I,5X24,5X23,1R9O,5A5J,5XXI,5W0C,7RL2,5K7K,
2OBG,3CSB,3CSG,
5H98,5H99,
2ZTN,6LAT,3HAG,2ZZQ,
2E9M,2ZOX,3VKK,2E9L,2JFE,
4KPA,4ZFA,4ZF6,4ZF8,4ZFB,
6Z0J,6Z0K,
6SFH,1SFL,1SFJ,
2QLJ,2QLB,
6XFQ,1GWB,4C2A,1SQ0,1M0Z,1P8V,1M10,1OOK,
6KSR,6KRJ,
3DAN,3DBM,3DAM,
3CAG,3BUE,2ZFZ,
4EHA,4QUI,4QUE,4EHL,
1Z9S,1P5U,3DPB,4B0M,
4DCP,4DCJ,7RND,3GJT,4DCO,
4GBZ,4QIQ,4GC0,4GBY,6N3I,
1H7K,2CAG,1E93,1M85,1MQF,1NM0,3HB6,2CAH,1H6N,
6IP0,6IP4,
6R26,5HSQ,5I5L,
6LU4,6LU2,6LU3,
1DBO,1OFM,1DBG,1OFL,
5C92,5C86,
6I15,6I16,6I14,6I17,6I18,
1REO,1TDN,1TDK,1TDO,
4NNA,4NNC,4NNB,
5ZA4,5Z99,
5J55,6XM6,6XM7,6XMA,5J54,6XM9,6XM8,5J53,
6FUK,3AVR,6FUL,6G8F,3AVS,
5MG1,4Q0J,
7N5M,5DA7,7N5N,5A6D,
5YKO,5YKN,
3N9N,3N9Q,3N9L,3N9O,3N9P,
4B03,6IDL,6IDK,
3OMB,6FTH,
6K7F,6K7E,6K7D,5AZ7,5AZ8,
4M89,4M87,4M86,
3FDD,2ZY2,
6REH,6REI,6QSF,6REG,7OV7,
1B9M,1B9N,
5AJN,2FFU,5AJO,6E7I,
1A65,1HFU,
3FOT,3FP0,
2CZH,2DDK,
3S42,4IUO,4GUH,3L2I,3NNT,3LB0,4GUG,3O1N,4GUF,
7CDZ,6WKP,6M3M,7CR5,7VNU,
3R6L,3R7N,3R7S,1PYO,3R7B,3RJM,3R5J,3R6G,
3GDL,3GDM,
5LXG,6YX9,6YXD,6KS0,5LWY,6KS1,
4RZ3,4RZ2,
6E3D,6E4D,7JLS,
6OFQ,6PU3,
5MOY,6ES1,
1JEU,1B4H,1B3H,1B6H,1OLC,1B4Z,1QKB,1B51,1QKA,
6OX7,6U28,
1LW1,1ME5,1KNC,
3TWK,3TWM,
6YXF,5LXA,6YXG,5LX9,
7COV,6LX2,1X1N,6LX1,
6SV2,2W9E,6SUZ,
1K3C,1OS1,6CRT,6ASN,6ASM,6AT2,6COM,1AYL,2PY7,6ASI,1AQ2,2PXZ,2OLQ,2OLR,1K3D,6V2L,6V2M,
2B7B,1IJF,1F60,1IJE,1G7C,2B7C,5O8W,
5M10,5M0Z,
5YV5,5LW7,3BK7,1YQT,
6GWG,6GX8,6GTA,6GWF,5M16,5M1I,6GVD,5M12,5M0X,1ZY9,
5WM7,5WM2,5WM4,5WM6,5WM3,5WM5,
1MD9,1MDF,1MDB,
5KC6,5KC7,
2VFM,2VFO,1QA2,2VFP,1QA1,1QQ1,2VFQ,3TH0,1QA3,1QRC,1TYW,1CLW,1TYX,1TYV,1TSP,1QRB,2VFN,1TYU,
3M7J,4GC2,4GC1,3M7H,
6J1G,6J1J,6J1E,6J1I,
3DRJ,3RYB,3DRI,3DRG,3DRK,3RYA,3DRF,3FTO,3DRH,
3IGY,3IGZ,
4C9A,4C99,4C8F,4C8A,
2GAW,6DEY,6NQ6,1AYY,2GL9,2GAC,
1P4V,3LJQ,5V2I,9GAC,1P4K,9GAF,9GAA,4R4Y,
4P96,4PDK,5DV5,
3RE0,3ECU,3GZP,
5H5Y,6AI4,
3M3W,3QE6,
7BIE,7BIG,
1NOL,1LLA,1OXY,1LL1,
1CIY,6DJ4,
3UKV,3UKN,3UKT,
1UUG,1LQG,2UUG,
4JSO,4JSD,2O7I,
3WQA,3WPO,
5N83,5NBH,5NC1,
1DLC,6LFP,4QX0,4QX1,7EAR,4QX3,4QX2,
1D2G,1BHJ,1XVA,1D2C,
2Z5F,3CKL,
4R43,4WL8,4WIU,4WIE,4WPT,4WPV,4RCG,5I67,4WOU,4WPU,
4RDL,4RDK,4RDJ,
6NT7,6NT6,
2X83,4DGE,1M9E,1M9D,1M9F,4DGA,4DGC,2GON,
4GNP,5FH3,5V9G,4GMW,4YW9,2RKD,7L36,1KHG,4GMZ,5V97,5V9F,4GMU,1KHB,5FH0,4GNL,5FH1,1KHF,4GNO,7L3V,5FH5,5FH2,1NHX,6P5O,1M51,4GMM,5FH4,3DT2,4GNQ,1KHE,4GNM,3MOE,5V95,
3MT5,6V5A,
4FZA,4FZD,4FZF,
5GR9,5GIJ,
1FCH,2J9Q,
4RDR,4RVW,
7T39,7RBQ,6PDM,
1TJA,1EL6,
2RAL,1R17,
3AF5,3AF6,
4HHR,4HHS,
5KP2,5V0P,4X9O,
5UZU,5MFA,6BMT,6AZP,
4UJ6,4UIC,5FTX,
4FJS,4FJU,4H8A,
6TBD,6TJA,6TIV,6THU,6TJZ,
1UVZ,1W89,1W4V,
5WTD,4H0W,6JAS,6CTC,5H52,4X1B,3QYT,5Y6K,5X5P,
1PNZ,1KMO,1PO0,1KMP,
1XO7,1XQ7,
2QO0,2QNY,2QX1,2AHB,1HZP,2QNZ,1M1M,2AJ9,2QNX,2QO1,
2CWH,1WTJ,2CWF,
1W6H,1SME,1W6I,2IGY,1ME6,2R9B,1XDH,1XE5,
3GWA,3GWE,
2WE7,2WE8,
6R9H,5A2P,
2J3H,2J3J,2J3K,2J3I,
1N04,1AIV,1DOT,2D3I,1AOV,1OVT,1RYX,
6DRT,1B8H,1CZD,1B77,
4OTB,5CLN,
3EJ3,3EJ7,1S0Y,
1B0L,1I6B,1B1X,3CR9,1LFI,1BIY,1CB6,1FCK,1BKA,1DTZ,2BJJ,1I6Q,1LCF,1QJM,1LFH,1LFG,1B7U,1B7Z,1F9B,
1L3A,4KOO,
4PUT,4KA8,4KA7,
1P8C,1VKE,
3HJR,3WQB,
3WNU,3WXO,1UB2,4PAE,3X16,
6PTR,6DEG,
5CC5,6BA7,6DNP,5H8P,5CAH,1N8I,6DLJ,5CBJ,5C9R,5T8G,5CC3,5CC7,5CJN,6C8P,6C6O,
3ZP4,3ZP7,3ZO8,3ZOP,
6JCI,6JYM,
2NQ5,3L7R,3T0C,
3R8K,5GQQ,
6K28,6JYY,
1YMY,2P53,1YRR,
4N3B,5LVV,4N3C,5NPS,5LWV,6MA4,5C1D,
5VU6,5VU7,7OMB,5VU9,5VU8,5VU5,7OMG,6Q4T,7OM3,4K8Z,
7BC3,7BE9,5LWG,5CDD,5LWI,5CDC,
6ISH,1TGO,4K8X,6ISG,6ISI,1QHT,5OMV,5OMQ,
5DU8,5DU6,3HE2,5DUC,5DTP,
2BRV,2BRP,1OJN,1W3Y,1F9G,1EGU,1OJM,1C82,1OJP,
1BJO,3QBO,7T7J,3QM2,1BJN,
3R4Z,3R4Y,
2XUR,3PWE,4K3L,4K3P,3Q4L,
5E3A,3T6J,5EHH,7OUP,5E2Q,5E33,5EGY,5E3C,3FVY,
2G4N,1F6S,1F6R,
7AZE,7AZ8,4K74,
3DRB,3DRE,3B6R,4Q2R,1U6R,
7C2N,6OR2,7C2M,6N40,
7A41,3UO8,4I1P,6F7I,3UOA,7AK0,
6IZO,5WCE,6JIR,
1JUS,2GBY,1RPW,3BR5,1JTY,1QVT,1JUM,2HQ5,1QVU,1JTX,
6DLY,5AGU,3RB9,5AGV,4TR7,5AH4,
6DTT,6DTU,6DTS,2GHA,
5MLW,3JA9,4RJF,5E0U,5E0T,5MOM,2ZVK,6GWS,5MLO,
3M4S,3MQW,
7DEJ,7DEI,7CYZ,
1RW9,1RWC,1RWF,1RWG,1RWH,1RWA,
5XTY,5WPW,
3P4I,3R9P,
2QUH,2AZX,2QUI,5UJJ,2QUJ,
3R52,3R50,4DDN,
2GTR,2FBM,
4GUR,4FWF,4GUS,
4L64,4L65,4L6H,4L61,4QQU,4L6O,4L5Z,3PPG,3PPF,
3A1J,3G65,3GGR,6J8Y,
5KWG,5K33,
2AAG,2AAL,
3UCE,3UCF,
5JTP,5JTR,5JTM,5JTN,5JTQ,5JTO,
3L8I,3RQE,4TVQ,3RQG,3RQF,
5TOV,5TOW,3X2F,
2WU9,2C7Y,2WUA,
5IR6,5DOQ,
1NOJ,3G2H,1P4J,1GGN,6S4R,1A8I,1FU4,3CUT,1WV0,1C50,5MEM,3MT8,1P2G,3ZCP,2G9Q,6QA8,3BCS,1KTI,1NOK,2G9R,1GPB,2QRM,
3AHI,3AHC,3AHF,3AHE,3AHD,3AHJ,3AHH,3AHG,
3EW2,3EW1,
4ANE,1K44,6QA2,
1I8Q,1LXM,1F1S,
6WXA,6WV2,6WWX,
3WPR,2YO1,
3OB6,5J4N,3LRB,5J4I,7O82,
4FSJ,3LOB,4FTB,2BBV,6ITB,
7KD8,2XDN,
1O9O,1OCH,1OCK,1O9P,1OCL,1OBJ,1OBK,1O9Q,1OBL,1OCM,
4TK3,2FU3,4TK1,
7RK1,5GRU,
3UTP,6UK4,6UK2,
4L6W,4G2R,4FB8,
4D2G,6EHT,
3OQN,3OQM,3OQO,
3PRV,4F36,
3TGW,3SSA,3EIU,3B2Q,2C61,3DSR,2RKW,3TIV,
3CM9,3CHN,
5AGC,3Q68,3Q66,
5CSC,6CSC,
6WAO,6WCS,
4N0H,4N0I,
1ADI,1ADE,1HOO,
2RUS,5RUB,1RUS,1RBA,9RUB,
4YH5,4ZFV,4ZXZ,4ZLU,
7CY6,7CY8,7CY4,7CY7,7CY5,
4XO4,3QJX,5YQB,4Q4E,3PUU,2HPT,3B2X,5YO1,5MFT,5YQ2,3B3B,3B2P,
4XN4,4XN5,4XMT,4XMZ,4XN2,4XMU,4XMX,4XMV,4XN1,4XMW,
4C2E,4C2H,
2X3V,2X3W,2X3X,3HAI,
3K7E,3NKF,2WDP,
3P26,3P27,
5EY3,4YEK,1AZY,4YYY,
2CBV,2J7G,2J7H,2J77,2J78,5N6T,2CES,1W3J,
5TJ6,5TJI,
6NDJ,5H7N,5GPP,4XHS,
6IPW,6IPV,
6SE7,6R43,6R41,5OX7,6SE5,6R3T,
5Y5P,5Y5O,
5YHS,5YIF,
1NUE,1BHN,3BBB,3BBC,5UI4,1JXV,3BBF,1NSK,7KPF,
3Q8U,3Q83,
1CZA,1DGK,1HKC,
1IV3,1IV2,1IV1,1IV4,
6INU,6IOE,6INO,
6R6U,6R6T,7BR9,
5LK7,5J96,5LK8,5J98,
3KO9,3KNF,3KOB,3KOD,3KO7,3KOC,3KO5,
6XJM,6XK1,
1IBV,1IBT,1IBW,1PYA,1IBU,
2AR9,1JXQ,
6XPT,6XP4,6XPV,6XPW,
6NS7,6KMT,
6NRP,7CAW,7CAX,
7TT7,3SZE,
3EMK,3ENN,3GRP,
2ITM,2NLX,
5OKK,4ZEN,4ZEP,5OKR,4ZE4,5OKS,5OKQ,5OKH,5OKJ,
1DFC,3P53,3LLP,6I0Z,
1KCX,5MLE,5UQC,4CNU,5LXX,4BKN,5X1C,
6TQ8,6TQ3,6TQ5,
4DML,4DMM,
3FLC,3D7E,1R59,1XUP,3H46,3H3N,
6PZN,6PZM,
7K0Q,7K0J,6M4O,7K0L,
5BN4,5BN3,5BN5,
7EIR,7EIS,1HN0,7EIQ,7EIP,
5HZ4,4NCP,5EGK,
3UJ4,3T8S,3UJ0,
3Q3N,5TDU,3Q3O,
1C17,6VWK,
6WU1,6WTW,6WU2,6WU4,
4Z9Y,4ZA2,
7MFU,5M14,7PAF,5M15,
1R2R,1R2S,
6J7U,6J7H,
6K76,2ZF5,
6IXM,5X8H,
1T5S,4H1W,3AR3,6HEF,4J2T,4YCL,1SU4,2ZBD,
6ZZT,6ZYZ,6ZZ0,7O6Q,
5I7V,5TRT,
2Q2V,2Q2W,
4DI6,4DZ6,
5YCV,3OJF,5YCR,2QIO,5YCS,
6PEI,4E6P,6PEJ,
3K07,3KSO,3KSS,
3GQQ,3RBQ,
6J9V,6JAF,
6BGN,6FPS,5CLO,4X1C,
6RCK,1OSM,5O79,4A8D,7JZ3,2XE2,2J1N,
5NXN,5NXU,5NXR,4D64,
6M2U,4EAT,4RMN,4RM2,4RLQ,6M2O,4RM3,4RLF,4ZJZ,
4RO9,4ROB,
1XNV,1XNY,3IAV,3IB9,
5JA1,5T3D,
7B7N,3SKJ,
5IKZ,5IKY,
3BFC,3BFG,3BFE,3BFD,3BFF,
1D5F,1C4Z,
5WBK,5WBL,5WBJ,5WBI,
5I5I,5I5M,5I5J,
1DQX,1DQW,3GDT,3GDK,3GDR,
3KRO,3OAB,3KRC,3OAC,3KRF,3KRA,3KRP,
4ZP4,4ZQD,4ZPH,
7STX,6VP9,
6AEO,5CL1,4O2X,
2F73,6MP4,
2ZF4,2ZF3,
2VBF,2VBG,
3JUJ,3JUK,
1FXZ,1UCX,1UD1,
3LTG,3LTF,
5YOL,6AES,3VGU,4S0M,
7D9R,7D9U,6JT1,7D9T,6JT2,6JT0,7D9S,
6LOH,6JX5,
2HU5,1VE6,2QR5,2HU7,1VE7,2HU8,4RE5,2QZP,
3TT7,3KTJ,3KTI,3KTG,3TT6,3KTH,
7OJI,6FFC,6HIJ,7OJ8,5NJG,7OJH,6VXF,
6EPK,6IW1,
6BPP,6BPL,6UZL,6UZ2,5TV4,5TTP,7MEW,7BCW,7SEL,3B5W,
5YQT,4XDW,4XBY,4XDV,5CF1,
7E32,7F9Z,7WU5,
4DKF,7QF1,4K3J,6UTA,
4XOA,4XOB,
4P1V,4P12,4P25,4P3I,4P2N,4P26,
1LDB,2LDB,
2FHJ,2FHK,1FTR,
1GUZ,1GV1,
2GGL,1FO6,2GGK,
4GM8,6PG8,
7VL9,7F8W,6XBL,7WUJ,7V69,7JVR,7DB6,6K42,7RYC,
1XFH,6X17,2NWW,2NWL,2NWX,
1DM0,1R4Q,
5G1Q,5G1R,3P2L,
5M5G,5KJH,5KKL,5VK3,5KJI,5TQR,5WF7,5WFD,5BJS,5WFC,
5MCZ,5MDG,1M9X,5MDC,1M9Y,
6X2L,6S3Q,6X3E,7NSG,6X3F,
6WYW,3PGA,6WZ4,6WYY,6WZ8,6WYZ,6WYX,
6NQ1,6NQ0,6NQ2,
6PX9,2FUN,
1T2F,5K0Z,7DBJ,6CEP,
6RUF,5K45,6RUE,5K3O,6RUD,
1S0F,1F31,1G9D,1EPW,1G9B,1G9A,1S0B,1I1E,1S0E,1S0G,
3BTA,3V0C,
6XWO,6ZL4,6XWN,6XWP,6R7R,6XWQ,6ZLH,5DWY,7NGH,5E9S,
1T3T,3UGJ,4L78,6LYK,4MGH,6JTA,6JT8,6JT7,4LGY,4R7G,6JT9,3UJN,6LYL,3UMM,
6GCT,7BCQ,6MP6,6RVX,7BCS,6MPB,7BCT,6RVY,
4WL3,6A8Q,6A8T,
3ZZU,3ZZT,2XEX,3ZZ0,
6CA1,3N04,6C9Z,6C9X,3NSX,3M46,3MKK,
6Z91,6FOK,6Z99,6FOM,6Z8S,6Z8Z,6Z8Y,6Z8R,6Z8Q,
1ADO,5KY6,3DFP,7KA4,5TLH,3DFO,1EWD,2OT1,1ZAH,7KA2,1ZAL,1ZAJ,3B8D,1EX5,3DFS,3LGE,3TU9,5TLZ,3DFQ,3DFT,3DFN,
6HBC,3RG6,
6OXD,6OXC,
2IWM,3MJI,2PVA,
6DL7,6BBA,
4A8A,4A8B,4A8C,
5M1E,5M1D,5M1B,5M1C,2IDB,
1FZG,2H43,1FZC,2HLO,1LTJ,1N86,
2VR5,2VNC,7EAV,2VUY,
1COM,2CHS,2CHT,
2PC4,4TR9,2EPH,
3EFF,3PJS,
1EPX,2QAP,2QDG,2QDH,
3EK5,3EK6,
6RJS,6RKA,6RK5,
6PZB,6PZ9,6PZI,6PZC,6PZA,5YWD,
5H3D,4CKH,4CKG,
6QBF,6JEH,2FGH,6JEG,6JCO,1D0N,3FFN,6Q9R,7P2B,6Q9Z,
6BRQ,5HYW,6BRP,7SA1,6BRO,
1UM0,1UMF,
2I3Z,2GBI,2GBF,2GBC,2OAE,3F8S,2GBG,
1QDU,1F9E,
6ZTA,6ZT7,6ZT6,6ZT8,6ZT9,2VRQ,2VRK,
1LM1,1LLZ,1LLW,
5N4D,5N4E,5N4B,
2GTD,3BEX,3BF3,3BF1,
7LHI,7LHH,6CD2,7LHG,
6OUT,1IHM,
4H8S,5C5B,
5HHM,2VLR,
6FVN,5AH2,6FVO,
3EON,3EOM,3II9,3GNC,3GQT,3D6B,
7FIG,7FIH,7FII,
5CM5,5CGA,5COJ,5CGE,
4GWQ,4GWP,
4O99,4O9A,
6S3L,6S3S,
3MJZ,4LHP,
4ZXV,4ZYJ,
1VYJ,6QCG,
4GGP,4GGO,
3P0X,3E5B,3OQ8,7RBX,
2JBT,2JBS,2JBR,
3M8L,6GSH,
2QTA,3LPL,1RP7,1L8A,2IEA,2G25,2G67,2QTC,2G28,
3UVA,3P14,3UU0,3UXI,
3WPZ,3WPV,3WPY,
6TLZ,6TM0,6RJ1,
3RMY,3RMX,
6O0D,6O0E,6O0F,
6R69,6F2D,
5NXH,5NXF,
5C08,5C0A,3UTS,3UTT,5C0B,5C0C,5HYJ,5C09,5C07,
5TLC,5XKD,5XKC,
6KXG,4IFP,
6FUW,6F9N,6FBS,
7D0K,7D0L,6S2C,
3ZTR,3ZTS,
1UYV,1UYR,3H0S,1W2X,1UYT,1OD4,3H0J,1UYS,
6TY9,6TZ2,5H0R,6TZ1,3JB6,6TY8,6TZ0,3JB7,
6ACQ,6AA8,
2HQS,7NST,2W8B,2IVZ,
5TIG,4X19,
6I5T,6I5U,
4ZC1,5YPQ,5YL5,5WRF,5X47,4RC9,5B6P,4RHC,5YHM,
6IB1,6IAT,
3S8E,3V6M,
7CAG,7CAE,7CAF,
2WK5,2J0F,
1VYA,1PKU,
4F0P,4F0Q,4R28,
2BJY,1QGH,
1WOI,1WOH,1WOG,
4JKM,6CXS,
6NW9,5W6F,
1F33,6ZGL,1DPS,1F30,
6IQS,6IQQ,5WQL,
5J77,5M4X,
4I5G,4I5F,4I5E,4I5D,4BMS,
2E2L,2E2K,
7K1E,6B3Q,4RE9,3QZ2,6BF6,6B7Y,4IFH,
7NCS,7ND0,
4FIQ,4FIR,
7MRY,6OUU,
5MKV,6JV9,6JVB,
4Z9F,1ZMO,
2JBU,2G48,2G56,3E50,4PF7,2G47,3E4Z,2JG4,2G49,2G54,
1AG8,4FQF,1A4Z,
4A8M,5FJ7,1UVN,2JL9,2JLF,4A8F,4A8K,1UVL,1WAC,2JLG,4B02,1UVM,
4IP2,7ABO,7ABN,4IWS,
7MZB,7MZC,7L2W,7L2U,5IS0,7L2V,5IRX,7MZ7,
3GRK,5TF4,
1BPW,1A4S,
5NUQ,5NUO,3O0E,1OPF,4JFB,
6X6A,6EOR,7JKQ,6EOQ,6X6C,6QZV,7JN7,7A3F,7CRW,
7TQV,7TJ2,2RHB,
6U68,6UX7,6U6D,1LNQ,6UWN,6U5P,6UXB,6U6E,6U6H,
5U3C,5U05,5U6R,
5M1S,3Q4J,5FKV,
4CY6,4CY8,
2VOE,2VHW,2VHX,
7JPX,6JPA,7JPK,6JP8,7JPW,7JPL,7JPV,5GJW,6JP5,
6Z5U,7D09,6IC4,7D0A,7D06,7D08,
4OJO,4OJP,4OJ6,4OJ5,4OJL,
5O6V,1URZ,
5WQ6,6KEA,
6VGQ,2CE3,6IW7,6VGK,6VGN,2C8T,
3K8Z,7MFT,
6ZIG,6ZIH,6ZJJ,
6JJL,6JJO,6JJK,3OTP,
7MR1,7MR0,7MR4,7MR2,7MR3,
3V0A,3V0B,
1B26,2TMG,1B3B,
7T6R,6DMU,7T6O,6DMW,7T6M,6DMR,7T6Q,7T6L,7T6K,6O1U,7T6N,
7A3K,7A3I,7A3J,6HP8,6EOO,6QZW,
1BVU,1EUZ,
6NAQ,6NAW,7KR2,
5XA1,5XA0,
6ET1,5DWZ,
2YII,4BAB,4C5R,4C6G,4C5S,4BAA,4C5U,4CQ5,
6PMD,6PKA,3V5E,5W18,3STA,4EMM,
7JV3,7JYB,7K14,7K64,
2R6D,2R6C,
3FZ8,1PMM,3FZ7,2DGM,3FZ6,1PMO,7JZH,2DGL,2DGK,
4ALJ,4BNL,4BNM,4ALI,4BNN,4D43,4D42,4D41,
7QY3,6I9U,6I9V,5O30,
6PVQ,6PVO,6PVN,7MIM,6DVY,6PVP,7MIN,6DVZ,7RAS,7RAU,
6FIJ,6FIK,
6YRG,6YRF,7NTX,6V1V,
2GVN,2JK0,1ZCF,
4RYF,6SFX,
7L85,4ZK7,
2QUY,3PVA,
2YFH,4FHN,4BHT,3SBO,
6TFJ,6VLS,6TFK,
6BF9,6B70,
6LIU,6LIV,
3BG0,3BG1,
5YP4,5YP1,5YP3,
4FNR,4FNU,4FNS,4FNP,4FNT,
7MRW,7KIY,
5INI,5INF,5ING,
5UW5,5O3W,5UW3,5UW6,5UZW,5O3U,
3JCZ,7VDA,6DHM,3JD0,3JD3,1NR1,3JD1,3ETD,3JD2,6DHQ,3JD4,6DHD,6DQG,1L1F,
2W6H,2W6I,
1JMU,6ZTY,
4YF9,4YFA,4YFB,
2BZR,2A7S,
7KGF,7KGD,7KGH,7KGI,6OWS,7B8P,7B8Q,7KGE,7KGG,
7KF6,7KF8,7KF5,
6WHX,5FXK,5FXG,6WHV,6WHU,5FXI,5FXH,6WHW,6WHY,5FXJ,
6F6W,6VVS,6YXU,6EYD,
7EU7,7EOS,7EOR,6IRH,7EOU,6IRA,6IRG,6IRF,7EOT,
7COP,3VR3,3VR4,5KNB,7COQ,5KNC,3VR5,3VR6,
1JNB,1FOU,1IJG,
5VLJ,5VH9,
5JMN,3AOB,3NOC,6ZOA,6SGR,3NOG,
3IBB,1XNW,3MFM,1XO6,
5X5B,5XLR,6ACC,5X58,6ACK,6ACD,6NB7,6ACG,
6PBX,6PBY,
3X0Y,3X0X,4JEK,4DOY,
7UAR,7SC1,7UAP,7R8O,7R8M,7R8N,
1Q52,1Q51,4QII,4QIJ,
7K9J,7Q1Z,7K9H,7RW2,7KSG,7A93,7EJ5,7A29,7KKL,6ZP1,
6T9J,6IG9,5OJS,
7BST,6R9G,6R9B,
5GUG,5X9Z,
6LVD,6LVB,6LVE,7W8J,
5L1E,5L1H,7RZ7,5L1G,5L1B,7RZ6,5L1F,
7SUD,6ZH4,7OTY,6ZH6,6ZFP,
6K3H,6JOH,
6V38,6ND0,6V3G,6V22,6V35,
2BKC,2IY4,
2J1K,2W9L,
7AQS,6GCM,6QVX,
6QAK,6QAO,6VR6,
6OKB,6OMC,6OMA,
7VXC,7W9C,7KNH,
6BCO,6BCQ,6BCL,6BCJ,
4NMJ,5EEB,5EXF,5EUY,4NMK,4H73,5F2C,5EK6,5EKC,
6O3H,6I9E,
3UNO,3QD8,7O6E,3OJ5,
1O05,2ONO,1NZZ,1NZX,2ONP,3INJ,3N80,2ONN,1CW3,
5ZJF,5ZJE,
6S7Q,6S7J,
5CSK,5CSL,
7W9E,7DCC,7DD8,7DCX,7DD2,
4ZVW,6O4I,4ZUL,4ZUK,6O4K,
6JQL,6JQO,6JQN,6JQM,
2G3N,2G3M,
3TCG,3TCF,
5G4G,5G4F,
6F9C,6F9E,6F9F,6F9D,
6LFG,6L6Z,
6VQB,6VQ9,6VQA,
6MWX,6MWC,6MW9,6MWV,
6ZQN,5ARE,5ARI,5FIL,5FIJ,5ARH,
6QG1,6QG2,6I3M,6I7T,6QG0,6QG3,6QG6,6QG5,
5BZ4,5BYV,
6EOT,6EOS,
